{"cameraMode":{"drawMode":0,"name":"Shaded","section":"Shading Mode"},"sceneLighting":false,"audioPlay":false,"sceneViewState":{"showFog":true,"showMaterialUpdate":false,"showSkybox":false,"showFlares":true,"showImageEffects":true,"showParticleSystems":true},"in2DMode":false,"pivot":{"x":-0.06259999424219132,"y":0.2529999911785126,"z":0.36522725224494936},"rotation":{"x":-0.0002179252915084362,"y":-0.8100467324256897,"z":0.000572183053009212,"w":-0.5866879820823669},"size":0.15594305098056794,"orthographic":false}